alpha,alpha3,batch_size,critic1_error,critic2_error,end_cost,entropy,eplenmean,eplrewmean,eprewmean,labda,lr_a,lr_c,lr_l,lyapunov_error,policy_loss,target_entropy,tau,total_timesteps,violation_times
1.016315,0.5,256,16139.103,13105.394,55.21794068278384,-93.30381,1000.0,2528.7994775754432,-2495.365943401859,1.0,9.966733333333334e-05,0.000299002,0.000299002,11.52947,375.6572,-2,0.005,1000,626.0
1.0224793,,,8651.307,7128.0117,27.82187668105752,-56.945107,1000.0,2145.452617034045,-2095.336358456774,1.0,9.933400000000001e-05,0.00029800199999999996,0.00029800199999999996,46.41619,436.80115,,,2000,573.0
1.027749,,,5982.6094,4975.3965,20.875051893224036,-42.80012,1000.0,2713.424005108341,-2120.52979693492,1.0,9.900066666666668e-05,0.000297002,0.000297002,54.357594,481.38065,,,3000,579.6666666666666
1.0324605,,,4660.6157,3910.1333,15.656288919918028,-34.151695,1000.0,2346.3093145761422,-2115.921659582191,1.0,9.866733333333333e-05,0.00029600199999999996,0.00029600199999999996,60.30392,509.2704,,,4000,547.5
1.0363867,,,3828.8313,3228.3257,12.525031135934423,-28.4461,1000.0,1883.6974360475404,-2056.8310498216515,1.0,9.8334e-05,0.000295002,0.000295002,61.288055,519.7228,,,5000,467.4
1.0397581,,,3256.0002,2753.573,10.437525946612018,-24.364515,1000.0,1579.3309352236495,-2029.7197682476217,1.0,9.800066666666668e-05,0.00029400199999999997,0.00029400199999999997,60.03821,515.1908,,,6000,427.8333333333333
1.042233,,,2843.567,2412.4543,8.94645081138173,-20.988047,1000.0,1360.302398524123,-2025.7637899248932,1.0,9.766733333333333e-05,0.00029300199999999994,0.00029300199999999994,58.862576,502.23734,,,7000,401.14285714285717
1.043537,,,2555.344,2178.2754,7.828144459959014,-18.371038,1000.0,1190.7442009275037,-2006.3704603779245,1.0,9.7334e-05,0.000292002,0.000292002,59.63588,483.9289,,,8000,361.875
1.04378,,,2297.6333,1963.822,6.958350631074679,-16.325401,1000.0,1058.4394068830966,-1959.4668878739421,1.0,9.700066666666667e-05,0.000291002,0.000291002,58.173775,464.29904,,,9000,339.55555555555554
1.0431147,,,2086.4702,1787.2957,6.2625155679672115,-14.702673,1000.0,952.5957897685446,-1912.221942094517,1.0,9.666733333333335e-05,0.000290002,0.000290002,56.62374,443.18475,,,10000,359.7
1.0442044,,,501.92563,506.10938,0.7407214996888268,-5.4053454,1000.0,699.7160138779191,-1814.9328216246795,1.0,9.6334e-05,0.00028900199999999995,0.00028900199999999995,59.57831,426.30307,,,11000,329.2
1.0428793,,,398.10934,404.0798,0.6981402317557067,-3.374886,1000.0,523.5056241398973,-1796.9252794486408,1.0,9.600066666666667e-05,0.000288002,0.000288002,55.41231,393.76044,,,12000,312.1
1.0391142,,,339.33203,343.06046,0.0,-1.9510247,1000.0,138.56913102205826,-1730.4326933225516,1.0,9.566733333333334e-05,0.000287002,0.000287002,52.04817,351.008,,,13000,293.5
1.0326283,,,284.74643,286.3994,0.0,-1.1433085,1000.0,14.0727194301728,-1669.037360537583,1.0,9.5334e-05,0.000286002,0.000286002,48.099678,303.85324,,,14000,288.1
1.0231978,,,237.5046,239.3189,0.0,-0.5825539,1000.0,10.747853871274376,-1637.3181834973204,1.0,9.500066666666667e-05,0.00028500199999999997,0.00028500199999999997,44.700325,257.13736,,,15000,307.0
1.0104498,,,200.42119,203.39787,0.0,-0.1822721,1000.0,4.998127421407896,-1598.9990275673322,1.0,9.466733333333334e-05,0.000284002,0.000284002,42.200645,216.03378,,,16000,315.5
0.9944394,,,165.10498,168.46992,3.5339342076806313e-08,-0.10398915,1000.0,0.38516557428023507,-1553.5045753494717,1.0,9.4334e-05,0.00028300199999999997,0.00028300199999999997,39.38618,180.4241,,,17000,317.2
0.97534245,,,113.08724,116.138756,3.5339342076806313e-08,-0.07317885,1000.0,0.0015660594324016053,-1523.4881095331998,1.0,9.400066666666668e-05,0.00028200199999999995,0.00028200199999999995,35.310295,150.39185,,,18000,329.1
0.9530921,,,91.01052,92.26537,3.5339342076806313e-08,-0.020896247,1000.0,0.001492790766672998,-1521.14451256973,1.0,9.366733333333334e-05,0.000281002,0.000281002,33.27897,124.79081,,,19000,316.6
0.92769384,,,74.53656,74.55361,3.5339342076806313e-08,0.05836506,1000.0,1.6303976187659377,-1511.9452131046737,1.0,9.333400000000001e-05,0.000280002,0.000280002,31.810669,104.55727,,,20000,285.1
0.8994778,,,45.876442,46.01427,3.5339342076806313e-08,0.16462123,1000.0,3.635231224870696,-1492.22216119348,1.0,9.300066666666667e-05,0.000279002,0.000279002,30.169806,89.20554,,,21000,267.8
0.8689197,,,34.508102,34.19862,3.5339342076806313e-08,0.2685005,1000.0,3.654136560128941,-1449.6517773772414,1.0,9.266733333333333e-05,0.00027800199999999996,0.00027800199999999996,28.3829,77.44237,,,22000,235.5
0.836563,,,29.531292,29.073645,3.5339342076806313e-08,0.36726764,1000.0,4.192880187706553,-1415.4707015839283,1.0,9.233400000000001e-05,0.000277002,0.000277002,27.932476,68.75426,,,23000,204.1
0.8030179,,,15.166189,14.922976,3.5339342076806313e-08,0.45228744,1000.0,6.030231909548649,-1381.5723737544372,1.0,9.200066666666667e-05,0.00027600199999999996,0.00027600199999999996,26.40153,62.39715,,,24000,191.0
0.76896125,,,12.687692,12.388248,3.5339342076806313e-08,0.5252222,1000.0,9.58287573201444,-1342.552628427077,1.0,9.166733333333334e-05,0.000275002,0.000275002,25.226723,58.89392,,,25000,188.8
0.7349959,,,11.345385,11.186506,3.5339342076806313e-08,0.59265745,1000.0,12.178206507464196,-1322.4801726497064,1.0,9.1334e-05,0.00027400199999999997,0.00027400199999999997,24.645754,56.889305,,,26000,176.7
0.70161134,,,10.38913,10.202687,0.0,0.65432286,1000.0,19.203569342753823,-1291.9965014644624,1.0,9.100066666666667e-05,0.00027300199999999995,0.00027300199999999995,25.131205,56.54558,,,27000,183.2
0.6692761,,,9.166188,9.197443,0.0,0.68668216,1000.0,20.271314664926404,-1243.8957393210724,1.0,9.066733333333334e-05,0.000272002,0.000272002,25.204628,57.84151,,,28000,186.2
0.6384516,,,8.059736,8.681988,1.077422118741976e-07,0.69590175,1000.0,20.692481661290763,-1214.384319368758,1.0,9.0334e-05,0.000271002,0.000271002,24.991673,59.79582,,,29000,191.0
0.60939366,,,6.63721,7.2274375,3.0885177266446843e-07,0.68704355,1000.0,19.546428653192688,-1207.5075399514983,1.0,9.000066666666666e-05,0.000270002,0.000270002,24.936367,61.94751,,,30000,179.3
0.5819982,,,7.2782373,7.8289437,3.0885177266446843e-07,0.6764286,1000.0,18.38965370162208,-1200.5089727742743,1.0,8.966733333333334e-05,0.00026900199999999996,0.00026900199999999996,25.21254,64.11728,,,31000,173.4
0.5560819,,,7.0469856,7.506724,3.0885177266446843e-07,0.65827256,1000.0,21.82669982587083,-1211.5816631174598,1.0,8.933400000000001e-05,0.000268002,0.000268002,25.469828,66.29105,,,32000,194.4
0.5315145,,,7.3100357,7.6554956,3.0885177266446843e-07,0.6394402,1000.0,21.76991268124251,-1214.7546486121723,1.0,8.900066666666666e-05,0.00026700199999999996,0.00026700199999999996,25.118454,68.559235,,,33000,190.3
0.50818646,,,7.936567,8.166799,3.0885177266446843e-07,0.61364037,1000.0,22.54225786075262,-1206.6618133833306,1.0,8.866733333333333e-05,0.000266002,0.000266002,25.027475,70.830215,,,34000,187.0
0.48602718,,,7.8885407,8.01579,3.0885177266446843e-07,0.5831078,1000.0,19.8585818066524,-1221.1284498330874,1.0,8.833400000000001e-05,0.00026500199999999997,0.00026500199999999997,25.674831,73.1435,,,35000,162.6
0.4649876,,,8.583258,8.585361,3.0885177266446843e-07,0.55149347,1000.0,20.200485392843795,-1197.8162589263488,1.0,8.800066666666668e-05,0.000264002,0.000264002,25.564283,75.42418,,,36000,158.6
0.44500166,,,9.809237,9.70125,3.0885177266446843e-07,0.5204374,1000.0,14.08621300505626,-1185.4679600551851,1.0,8.766733333333333e-05,0.000263002,0.000263002,25.871868,77.49224,,,37000,133.8
0.42597952,,,10.381663,10.197986,3.0885177266446843e-07,0.4915884,1000.0,14.334419057616987,-1179.4819663325854,1.0,8.7334e-05,0.000262002,0.000262002,25.36113,79.420074,,,38000,121.3
0.40785465,,,12.739145,12.521124,2.0110956079027083e-07,0.45501232,1000.0,14.84154808697069,-1163.01512996058,1.0,8.700066666666667e-05,0.000261002,0.000261002,25.96799,81.24159,,,39000,120.0
0.39057767,,,13.743139,13.51196,0.0,0.42411128,1000.0,16.150774669125504,-1134.2186313782524,1.0,8.666733333333334e-05,0.00026000199999999995,0.00026000199999999995,26.007822,82.91066,,,40000,120.2
0.3741085,,,15.324824,14.928149,0.0,0.38993895,1000.0,16.152424117061493,-1108.6379167671391,1.0,8.6334e-05,0.000259002,0.000259002,25.484888,84.50896,,,41000,118.0
0.35841447,,,14.715279,14.333944,0.0,0.3558026,1000.0,13.120518222118676,-1088.4674364673701,1.0,8.600066666666667e-05,0.00025800199999999996,0.00025800199999999996,24.936214,86.00683,,,42000,101.1
0.34343043,,,14.310994,13.90833,0.0,0.31898695,1000.0,12.89997333470384,-1061.4916042154232,1.0,8.566733333333334e-05,0.000257002,0.000257002,24.180527,87.41399,,,43000,99.1
0.32912427,,,14.945526,14.490748,0.0,0.295975,1000.0,10.792360520419122,-1053.0962006698196,1.0,8.5334e-05,0.00025600199999999997,0.00025600199999999997,24.293385,88.79286,,,44000,79.7
0.31544998,,,15.48464,15.062091,0.0,0.27413592,1000.0,10.340383196549244,-1017.0601448402901,1.0,8.500066666666667e-05,0.000255002,0.000255002,24.11108,90.11421,,,45000,76.0
0.30236977,,,18.139187,17.760117,0.0,0.25403228,1000.0,8.331419037761147,-997.0274260035519,1.0,8.466733333333334e-05,0.00025400199999999997,0.00025400199999999997,23.985813,91.30864,,,46000,68.2
0.28986055,,,17.770832,17.424772,0.0,0.23825665,1000.0,7.780330847372109,-974.8384460442218,1.0,8.4334e-05,0.00025300199999999995,0.00025300199999999995,22.869553,92.48712,,,47000,63.4
0.27790707,,,17.65211,17.326365,0.0,0.21466784,1000.0,7.427363661739648,-960.1950105317488,1.0,8.400066666666668e-05,0.000252002,0.000252002,23.091024,93.55711,,,48000,58.9
0.266483,,,17.8151,17.503603,0.0,0.18980354,1000.0,8.369572232498868,-936.554161216976,1.0,8.366733333333334e-05,0.000251002,0.000251002,22.126068,94.54954,,,49000,60.9
0.2556018,,,18.74881,18.436481,0.0,0.14975578,1000.0,7.905703065783884,-913.3400095255798,1.0,8.3334e-05,0.000250002,0.000250002,22.316,95.6395,,,50000,64.0
0.24523473,,,18.036331,17.769564,0.0,0.112649396,1000.0,9.99790001308818,-891.5813304991128,1.0,8.300066666666667e-05,0.00024900199999999996,0.00024900199999999996,23.071213,96.685005,,,51000,87.9
0.23534226,,,18.039022,17.750101,0.0,0.07677432,1000.0,10.432536039464466,-862.663736401156,1.0,8.266733333333335e-05,0.000248002,0.000248002,23.233677,97.64732,,,52000,96.3
0.22591607,,,19.670248,19.37679,0.0,0.040848088,1000.0,18.0414211395704,-849.6441978113628,1.0,8.2334e-05,0.00024700199999999996,0.00024700199999999996,23.641415,98.520996,,,53000,126.2
0.21693914,,,18.898668,18.647465,0.0,-0.0047496585,1000.0,20.492932662710647,-829.8608754127574,1.0,8.200066666666667e-05,0.000246002,0.000246002,23.193008,99.33385,,,54000,143.8
0.2083902,,,18.922367,18.65028,0.0,-0.05013792,1000.0,21.89048241410907,-820.4770037744044,1.0,8.166733333333334e-05,0.00024500199999999997,0.00024500199999999997,22.69885,99.99841,,,55000,151.9
0.20025042,,,17.012815,16.606276,0.0,-0.10600088,1000.0,22.294320589133957,-805.7514746646798,1.0,8.1334e-05,0.00024400199999999997,0.00024400199999999997,23.528828,100.80599,,,56000,157.5
0.1925022,,,17.16738,16.927109,0.0,-0.173533,1000.0,22.500067933102194,-792.7610270436509,1.0,8.100066666666667e-05,0.00024300199999999997,0.00024300199999999997,23.438879,101.5056,,,57000,157.9
0.18512896,,,16.859085,16.58179,0.0,-0.22706333,1000.0,23.544626746417016,-778.5846871069616,1.0,8.066733333333334e-05,0.00024200199999999998,0.00024200199999999998,23.466564,102.112686,,,58000,162.1
0.17811605,,,16.13136,15.824125,0.0,-0.2983192,1000.0,25.609498385877906,-756.1237302388851,1.0,8.0334e-05,0.00024100199999999995,0.00024100199999999995,23.284967,102.6887,,,59000,182.3
0.17143032,,,14.186554,13.846805,0.0,-0.35681695,1000.0,28.757248750716553,-746.9724781920421,1.0,8.000066666666667e-05,0.00024000199999999998,0.00024000199999999998,22.231962,103.22011,,,60000,190.3
0.16507393,,,13.408409,13.085718,0.0,-0.42552906,1000.0,28.19624076501708,-734.6165057603282,1.0,7.966733333333334e-05,0.00023900199999999999,0.00023900199999999999,21.104923,103.56508,,,61000,191.3
0.15903796,,,15.199303,14.898654,0.0,-0.49868593,1000.0,31.91357673479605,-732.889373024667,1.0,7.9334e-05,0.00023800199999999996,0.00023800199999999996,21.235271,103.94478,,,62000,214.6
0.153299,,,14.682802,14.392591,0.0,-0.5729159,1000.0,27.814604494501804,-715.7809196879047,1.0,7.900066666666666e-05,0.00023700199999999996,0.00023700199999999996,20.917667,104.26054,,,63000,220.8
0.14782922,,,15.6334915,15.324545,0.0,-0.65215164,1000.0,29.180665093068814,-704.8563704530854,1.0,7.866733333333333e-05,0.00023600199999999997,0.00023600199999999997,21.224598,104.41366,,,64000,229.8
0.14259721,,,15.667814,15.394585,0.0,-0.7220923,1000.0,32.549577549972255,-685.3006589403456,1.0,7.833400000000001e-05,0.000235002,0.000235002,21.196812,104.64232,,,65000,262.8
0.13759308,,,15.700488,15.478427,0.01089066307832198,-0.7895807,1000.0,34.173523685898424,-675.1307194341686,1.0,7.800066666666667e-05,0.00023400199999999997,0.00023400199999999997,20.46007,104.70174,,,66000,280.9
0.13280326,,,16.607384,16.141073,0.01089066307832198,-0.8550606,1000.0,35.0892086608738,-662.9306159795375,1.0,7.766733333333333e-05,0.00023300199999999998,0.00023300199999999998,20.602318,104.74978,,,67000,300.2
0.12820464,,,17.871052,17.376003,0.01089066307832198,-0.9263199,1000.0,34.83298359241773,-659.1642235548488,1.0,7.7334e-05,0.00023200199999999998,0.00023200199999999998,20.345804,104.72029,,,68000,301.2
0.12378409,,,18.22785,17.696795,0.01089066307832198,-0.97684085,1000.0,33.563675785483255,-660.462362406374,1.0,7.700066666666668e-05,0.000231002,0.000231002,20.247276,104.67954,,,69000,299.0
0.119531035,,,18.519373,18.038145,0.01089066307832198,-1.019866,1000.0,33.46235528356324,-660.115756642846,1.0,7.666733333333334e-05,0.00023000199999999998,0.00023000199999999998,20.148975,104.54446,,,70000,314.9
0.11542909,,,19.018757,18.616339,0.01089066307832198,-1.071463,1000.0,34.19675668004642,-658.5234817496233,1.0,7.6334e-05,0.000229002,0.000229002,20.63305,104.38106,,,71000,313.8
0.11148323,,,18.317171,17.898218,0.01089066307832198,-1.1236839,1000.0,29.96176171167604,-659.4671186109097,1.0,7.600066666666667e-05,0.000228002,0.000228002,20.318428,104.24141,,,72000,279.6
0.107707955,,,17.907001,17.49084,0.01089066307832198,-1.1670004,1000.0,26.789134402605793,-664.134352183437,1.0,7.566733333333334e-05,0.00022700199999999997,0.00022700199999999997,19.884176,104.02916,,,73000,254.2
0.10410188,,,16.18008,15.794607,0.011220861776662944,-1.215656,1000.0,22.714368234299048,-667.9618781752952,1.0,7.533400000000001e-05,0.000226002,0.000226002,19.563244,103.89317,,,74000,230.2
0.10068607,,,15.408514,15.03388,0.011220861776662944,-1.2678157,1000.0,17.53460299067472,-676.9767759657354,1.0,7.500066666666668e-05,0.000225002,0.000225002,19.504747,103.657,,,75000,187.6
0.09746215,,,14.136701,13.822215,0.0003301986983409662,-1.3289776,1000.0,14.682757016585976,-680.5975773042644,1.0,7.466733333333333e-05,0.00022400199999999997,0.00022400199999999997,19.479383,103.37671,,,76000,164.1
0.094423674,,,12.497775,12.311139,0.0003301986983409662,-1.3859459,1000.0,13.345839102957745,-684.941504541883,1.0,7.433400000000001e-05,0.00022300199999999998,0.00022300199999999998,19.16302,103.02513,,,77000,144.4
0.091562256,,,11.467603,11.373735,0.0003301986983409662,-1.4343879,1000.0,12.541597488843435,-681.4884488883497,1.0,7.400066666666668e-05,0.00022200199999999998,0.00022200199999999998,18.96344,102.68821,,,78000,144.1
0.08886386,,,10.686213,10.683895,0.0003301986983409662,-1.4822718,1000.0,10.064801259649764,-682.3534761008153,1.0,7.366733333333333e-05,0.00022100199999999996,0.00022100199999999996,20.033144,102.28114,,,79000,123.2
0.086316004,,,9.906169,9.899725,0.0003301986983409662,-1.5480764,1000.0,5.6931709115322775,-679.092318087254,1.0,7.3334e-05,0.00022000199999999999,0.00022000199999999999,20.124752,101.873,,,80000,87.3
0.08391964,,,9.586294,9.524559,0.0003301986983409662,-1.5961599,1000.0,2.577708293836279,-688.7628961943167,1.0,7.300066666666667e-05,0.000219002,0.000219002,19.892466,101.42743,,,81000,56.9
0.081681296,,,8.673958,8.656573,0.0003301986983409662,-1.6451855,1000.0,2.236499790244258,-691.059721790457,1.0,7.266733333333333e-05,0.00021800199999999996,0.00021800199999999996,20.018152,100.92874,,,82000,52.7
0.079587355,,,8.558716,8.57548,0.0003301986983409662,-1.6998432,1000.0,1.6376176361141805,-697.4036161156266,1.0,7.2334e-05,0.00021700199999999997,0.00021700199999999997,19.955235,100.47603,,,83000,38.8
0.07765686,,,9.189591,9.201513,0.0,-1.7391875,1000.0,1.3926148895771404,-698.7984204040899,1.0,7.200066666666667e-05,0.000216002,0.000216002,20.049356,99.97894,,,84000,32.3
0.075850815,,,10.472306,10.464178,0.0,-1.782905,1000.0,1.388800845989047,-703.4339262985095,1.0,7.166733333333332e-05,0.00021500199999999997,0.00021500199999999997,20.08033,99.51185,,,85000,30.5
0.07421439,,,10.658547,10.651269,0.0,-1.815036,1000.0,1.287274860480358,-701.6994243290576,1.0,7.1334e-05,0.00021400199999999997,0.00021400199999999997,19.595005,98.956474,,,86000,24.3
0.07274379,,,10.554819,10.543814,0.0,-1.8355032,1000.0,1.2364668492167932,-702.4567509596724,1.0,7.100066666666667e-05,0.00021300199999999998,0.00021300199999999998,19.412231,98.39435,,,87000,23.7
0.07144397,,,10.423979,10.419876,0.0,-1.8633038,1000.0,0.2893082691023974,-703.8006177774178,1.0,7.066733333333333e-05,0.00021200199999999995,0.00021200199999999995,19.252058,97.89442,,,88000,12.2
0.07029849,,,10.10301,10.079397,0.0,-1.8938034,1000.0,0.10000388517400116,-707.3075847473126,1.0,7.033400000000001e-05,0.000211002,0.000211002,18.312634,97.395615,,,89000,6.0
0.069384895,,,10.038568,10.046939,0.0,-1.9193666,1000.0,0.09667156127415219,-705.4823981332569,1.0,7.000066666666668e-05,0.00021000199999999999,0.00021000199999999999,18.079975,96.83836,,,90000,3.8
0.0687138,,,9.202906,9.23517,0.0,-1.9532802,1000.0,0.09666385149326945,-691.2721176865765,1.0,6.966733333333333e-05,0.00020900199999999996,0.00020900199999999996,17.938232,96.381485,,,91000,3.7
0.06820255,,,10.09026,10.112302,0.0,-1.9694574,1000.0,0.16985968821553504,-679.9434077688693,1.0,6.933400000000001e-05,0.000208002,0.000208002,17.665928,95.8647,,,92000,7.9
0.06781215,,,9.637387,9.643965,0.0,-1.9767345,1000.0,0.17377013927833204,-666.9549475109259,1.0,6.900066666666666e-05,0.00020700199999999997,0.00020700199999999997,17.662941,95.39666,,,93000,9.5
0.06758325,,,8.953431,8.955725,0.0,-1.9788029,1000.0,0.17682554851815166,-654.3788509778442,1.0,6.866733333333333e-05,0.000206002,0.000206002,17.401094,94.85973,,,94000,11.0
0.067521915,,,9.370016,9.368673,0.0,-1.9851806,1000.0,0.17682554851815166,-642.7064682499719,1.0,6.833400000000001e-05,0.000205002,0.000205002,17.413061,94.33632,,,95000,11.0
0.06757486,,,8.967653,8.972656,0.0,-1.9931551,1000.0,0.17402633375820561,-644.1800745243202,1.0,6.800066666666667e-05,0.00020400199999999998,0.00020400199999999998,17.412657,93.874626,,,96000,9.4
0.06777002,,,8.327509,8.313516,0.0,-2.0123096,1000.0,0.0801616970248822,-639.6287082491643,1.0,6.766733333333334e-05,0.00020300199999999998,0.00020300199999999998,17.518904,93.451065,,,97000,7.3
0.06810602,,,9.9648,9.907448,0.0,-2.019115,1000.0,0.0801616970248822,-639.8947714196273,1.0,6.7334e-05,0.000202002,0.000202002,17.7623,93.00708,,,98000,7.3
0.06851028,,,9.000279,8.935315,0.0,-2.0262094,1000.0,0.0801616970248822,-635.1939138508758,1.0,6.700066666666667e-05,0.00020100199999999998,0.00020100199999999998,17.506657,92.570206,,,99000,7.3
0.06891926,,,9.802601,9.728292,0.0,-2.0165372,1000.0,0.0801616970248822,-636.1431841893193,1.0,6.666733333333334e-05,0.000200002,0.000200002,17.507458,92.181335,,,100000,7.3
0.069316514,,,10.592703,10.479095,0.0,-1.9997523,1000.0,0.0801616970248822,-643.1423041981323,1.0,6.6334e-05,0.000199002,0.000199002,17.39096,91.73918,,,101000,7.3
0.06967436,,,9.964445,9.846759,0.0,-1.9946098,1000.0,0.0069658603026165914,-647.6713421670571,1.0,6.600066666666666e-05,0.00019800199999999997,0.00019800199999999997,17.376743,91.33289,,,102000,3.1
0.07009749,,,11.948725,11.887043,0.0,-1.9980342,1000.0,0.003055409239819596,-653.9870621536991,1.0,6.566733333333334e-05,0.000197002,0.000197002,18.031605,90.90337,,,103000,1.5
0.070523225,,,13.018619,12.984729,0.0,-2.0064092,1000.0,0.0,-661.751558352655,1.0,6.533400000000001e-05,0.000196002,0.000196002,18.077745,90.59884,,,104000,0.0
0.070945844,,,12.09964,12.069397,0.0,-2.010919,1000.0,0.0,-667.5774490501188,1.0,6.500066666666666e-05,0.00019500199999999997,0.00019500199999999997,17.641937,90.2381,,,105000,0.0
0.071379386,,,12.672232,12.5971575,0.0,-2.0079057,1000.0,0.0,-667.5047085396249,1.0,6.466733333333333e-05,0.00019400199999999998,0.00019400199999999998,17.96101,89.90789,,,106000,0.0
0.071735665,,,12.921118,12.851642,0.0,-2.0002983,1000.0,0.0,-670.2208191091539,1.0,6.433400000000001e-05,0.00019300199999999998,0.00019300199999999998,17.797365,89.554665,,,107000,0.0
0.07202464,,,10.905631,10.877788,0.0,-1.9942697,1000.0,0.0,-667.8230195717132,1.0,6.400066666666667e-05,0.00019200199999999996,0.00019200199999999996,17.448454,89.253555,,,108000,0.0
0.07229034,,,10.814058,10.810674,0.0,-1.99357,1000.0,0.0,-668.0398664398125,1.0,6.366733333333333e-05,0.00019100199999999998,0.00019100199999999998,17.139217,88.96692,,,109000,0.0
0.072519585,,,11.355462,11.417835,0.0,-1.9986107,1000.0,0.0,-667.1852825960067,1.0,6.3334e-05,0.000190002,0.000190002,17.703266,88.712395,,,110000,0.0
0.072777435,,,10.733488,10.820111,0.0,-2.0134258,1000.0,0.0,-664.7433967938065,1.0,6.300066666666667e-05,0.00018900199999999996,0.00018900199999999996,17.198273,88.48704,,,111000,0.0
0.07321126,,,10.637479,10.733711,0.0,-2.0152063,1000.0,0.0,-666.5755012875208,1.0,6.266733333333335e-05,0.00018800200000000002,0.00018800200000000002,17.068384,88.25215,,,112000,0.0
0.07368127,,,8.3015,8.333091,0.0,-2.0219893,1000.0,0.0,-667.3388506989675,1.0,6.2334e-05,0.000187002,0.000187002,16.201378,88.01661,,,113000,0.0
0.074062616,,,7.7295394,7.73694,0.0,-2.011207,1000.0,0.0,-664.3754636636291,1.0,6.200066666666666e-05,0.00018600199999999997,0.00018600199999999997,15.915767,87.80639,,,114000,0.0
0.07444089,,,8.7181835,8.694842,0.0,-2.0065682,1000.0,0.0,-661.7078363114523,1.0,6.166733333333334e-05,0.000185002,0.000185002,15.949809,87.55979,,,115000,0.0
0.07482992,,,8.103666,8.120319,0.0,-2.0073047,1000.0,0.0,-661.3253618690516,1.0,6.1334e-05,0.00018400199999999998,0.00018400199999999998,15.561716,87.364456,,,116000,0.0
0.075219914,,,8.133004,8.164381,0.0,-2.0056844,1000.0,2.6225005154737552e-05,-659.6496001400053,1.0,6.100066666666666e-05,0.00018300199999999995,0.00018300199999999995,15.424606,87.23796,,,117000,0.1
0.07564791,,,8.389948,8.436216,0.0,-2.0124748,1000.0,2.6225005154737552e-05,-657.7726294452821,1.0,6.066733333333334e-05,0.000182002,0.000182002,15.274406,87.04906,,,118000,0.1
0.07605882,,,9.430185,9.450272,0.0,-2.011825,1000.0,2.6225005154737552e-05,-657.8442920803066,1.0,6.0334e-05,0.00018100199999999999,0.00018100199999999999,15.3235655,86.87374,,,119000,0.1
0.07643883,,,8.600551,8.53816,0.0,-2.0130818,1000.0,2.6225005154737552e-05,-656.6553053162763,1.0,6.000066666666667e-05,0.000180002,0.000180002,14.50307,86.73177,,,120000,0.1
0.07671625,,,8.350343,8.299623,0.0,-2.0016987,1000.0,2.6225005154737552e-05,-656.6924199062273,1.0,5.9667333333333344e-05,0.000179002,0.000179002,14.529535,86.57956,,,121000,0.1
0.07683028,,,8.372469,8.315045,0.0,-1.9986122,1000.0,0.0019503202389032862,-649.721321623317,1.0,5.9334e-05,0.00017800199999999997,0.00017800199999999997,14.262503,86.460915,,,122000,1.4
0.076799355,,,10.174752,10.119343,0.0,-1.977467,1000.0,0.6396598635173576,-641.6366000215708,1.0,5.900066666666667e-05,0.000177002,0.000177002,14.000498,86.37384,,,123000,7.2
0.07671957,,,9.876741,9.872454,0.0,-1.9844738,1000.0,0.6761795930514651,-633.7848517024671,1.0,5.866733333333334e-05,0.000176002,0.000176002,13.9453,86.22702,,,124000,11.0
0.07651086,,,8.249662,8.2886305,0.0,-1.9787645,1000.0,0.7992456811032944,-628.2281358372778,1.0,5.8334e-05,0.00017500199999999998,0.00017500199999999998,13.686954,86.1828,,,125000,15.3
0.076127455,,,8.213591,8.251542,0.0,-1.9645628,1000.0,0.7993147316268613,-622.5824407806568,1.0,5.800066666666667e-05,0.00017400199999999998,0.00017400199999999998,13.535647,86.11914,,,126000,15.7
0.075655274,,,9.520861,9.52516,4.1122063502415434e-05,-1.9652948,1000.0,1.5077028910160926,-615.3773063048889,1.0,5.766733333333334e-05,0.000173002,0.000173002,13.617727,86.01808,,,127000,22.3
0.07516454,,,10.119886,10.054398,4.1122063502415434e-05,-1.9648678,1000.0,3.34763609731633,-610.4261490281597,1.0,5.7334e-05,0.00017200199999999998,0.00017200199999999998,13.806053,85.89389,,,128000,40.1
0.07474148,,,10.122833,10.062759,4.1122063502415434e-05,-1.9623947,1000.0,4.983275725651901,-607.0886487049142,1.0,5.700066666666667e-05,0.000171002,0.000171002,13.841863,85.75041,,,129000,61.1
0.07436111,,,9.853716,9.80068,4.1122063502415434e-05,-1.9645268,1000.0,5.925599063983214,-600.7900850265652,1.0,5.666733333333334e-05,0.000170002,0.000170002,13.909212,85.62407,,,130000,69.5
0.07397853,,,10.972483,10.939981,4.1122063502415434e-05,-1.961744,1000.0,5.926863064392146,-596.2445100093613,1.0,5.6334e-05,0.00016900199999999997,0.00016900199999999997,14.732663,85.53323,,,131000,70.6
0.073607385,,,10.711514,10.662549,4.1122063502415434e-05,-1.9651626,1000.0,5.9250864983694145,-591.0930523100682,1.0,5.600066666666667e-05,0.00016800199999999997,0.00016800199999999997,14.888029,85.446205,,,132000,69.9
0.07329867,,,9.276565,9.215651,4.1122063502415434e-05,-1.9787941,1000.0,5.775178328384536,-591.8937687633736,1.0,5.5667333333333335e-05,0.000167002,0.000167002,15.1236315,85.38256,,,133000,67.9
0.07304472,,,9.548221,9.4459,4.1122063502415434e-05,-1.9842997,1000.0,5.738683941103285,-591.4767993070479,1.0,5.5333999999999996e-05,0.00016600199999999997,0.00016600199999999997,14.836512,85.290085,,,134000,64.4
0.07285447,,,11.113451,11.03116,4.1122063502415434e-05,-1.990854,1000.0,5.6156178530514556,-587.12674169095,1.0,5.500066666666667e-05,0.00016500199999999998,0.00016500199999999998,15.035649,85.185524,,,135000,60.1
0.07274393,,,10.810649,10.7370205,4.1122063502415434e-05,-1.9966787,1000.0,5.616134215185178,-581.2724472029784,1.0,5.466733333333334e-05,0.00016400199999999998,0.00016400199999999998,14.796521,85.047905,,,136000,60.9
0.072730735,,,10.535326,10.45912,0.0,-1.98972,1000.0,5.058450665582386,-575.6129868244916,1.0,5.4334e-05,0.00016300199999999995,0.00016300199999999995,14.68369,84.953575,,,137000,62.4
0.07271377,,,10.14156,10.10862,0.0,-1.984678,1000.0,3.762565575420665,-577.4439776507627,1.0,5.400066666666668e-05,0.000162002,0.000162002,14.335846,84.87859,,,138000,48.1
0.07267006,,,9.563257,9.543736,0.0,-1.9771299,1000.0,2.1269452926819676,-571.4166639699391,1.0,5.3667333333333334e-05,0.000161002,0.000161002,14.232401,84.84518,,,139000,27.4
0.072622985,,,10.369705,10.391523,0.0,-1.9805084,1000.0,2.3961460280334945,-570.6808696577324,1.0,5.3333999999999995e-05,0.00016000199999999996,0.00016000199999999996,14.063413,84.76362,,,140000,26.5
0.072585985,,,9.474643,9.465782,0.0,-1.9847784,1000.0,2.394882027624564,-571.9979450067011,1.0,5.3000666666666676e-05,0.00015900200000000002,0.00015900200000000002,13.349332,84.64455,,,141000,25.4
0.07251619,,,10.747341,10.838794,0.0,-1.9832356,1000.0,2.394734498413546,-576.0196212701221,1.0,5.2667333333333337e-05,0.000158002,0.000158002,14.006818,84.5503,,,142000,24.8
0.072406456,,,11.313816,11.430037,0.0,-1.9766613,1000.0,1.907033075917413,-571.651469499102,1.0,5.2334000000000004e-05,0.000157002,0.000157002,13.818286,84.36895,,,143000,21.5
0.072289236,,,11.758058,11.879934,0.0,-1.9777753,1000.0,1.908885097098074,-574.1539924146986,1.0,5.200066666666668e-05,0.000156002,0.000156002,14.100781,84.2667,,,144000,22.4
0.07220359,,,9.929576,10.024573,0.0,-1.9853876,1000.0,1.9590493572222403,-569.9150739890517,1.0,5.166733333333333e-05,0.00015500199999999998,0.00015500199999999998,14.056021,84.12762,,,145000,25.3
0.07220461,,,10.198576,10.2953415,0.0,-1.9965832,1000.0,2.0453308261796357,-571.9986844951643,1.0,5.133400000000001e-05,0.00015400199999999998,0.00015400199999999998,14.380824,84.03671,,,146000,28.2
0.07221837,,,9.634218,9.741421,0.0,-2.0065672,1000.0,1.8946593386305324,-573.180776372058,1.0,5.1000666666666675e-05,0.000153002,0.000153002,14.399229,83.872696,,,147000,20.5
0.07221848,,,9.867748,9.982161,0.0,-2.0081117,1000.0,1.3666473544931133,-569.1272860717432,1.0,5.0667333333333335e-05,0.00015200199999999999,0.00015200199999999999,14.685781,83.778336,,,148000,20.3
0.072235666,,,9.838589,9.930944,0.0,-2.0229166,1000.0,1.3702756709418427,-567.6832747011906,1.0,5.0334e-05,0.000151002,0.000151002,14.630519,83.62305,,,149000,22.8
0.0723228,,,9.493597,9.5399885,0.0,-2.0184817,1000.0,0.5953479477790911,-563.2581859704752,1.0,5.000066666666667e-05,0.000150002,0.000150002,14.8637085,83.53463,,,150000,21.4
0.07245304,,,9.1872225,9.225101,0.0,-2.0216658,1000.0,0.5960045098502931,-554.8651298375743,1.0,4.966733333333333e-05,0.00014900199999999997,0.00014900199999999997,14.999596,83.50153,,,151000,22.3
0.07263376,,,7.8303466,7.7894197,0.0,-2.0188117,1000.0,0.7241879599158509,-547.2231637346779,1.0,4.9334000000000006e-05,0.000148002,0.000148002,14.336214,83.379265,,,152000,29.0
0.072813794,,,6.821298,6.7729354,0.0,-2.0158489,1000.0,0.7243968231215061,-545.7173087827343,1.0,4.900066666666667e-05,0.000147002,0.000147002,14.379048,83.308655,,,153000,29.5
0.07296758,,,7.570012,7.4933586,0.0,-2.0096993,1000.0,0.7914320489009239,-539.0346252146385,1.0,4.8667333333333334e-05,0.00014600199999999998,0.00014600199999999998,14.364395,83.19922,,,154000,35.5
0.07302551,,,8.635614,8.601385,0.0,-2.0003772,1000.0,0.9031094776929187,-541.2749559309026,1.0,4.8334e-05,0.00014500199999999998,0.00014500199999999998,14.362491,83.13399,,,155000,39.0
0.07293266,,,9.07776,9.019855,0.0,-1.9942214,1000.0,1.0138801375098119,-536.5176830488706,1.0,4.800066666666667e-05,0.000144002,0.000144002,14.041468,83.01162,,,156000,42.3
0.072756454,,,8.760584,8.764521,0.0,-1.9855261,1000.0,1.0341903902559921,-534.272968027183,1.0,4.766733333333333e-05,0.00014300199999999998,0.00014300199999999998,13.954071,82.93538,,,157000,48.2
0.072507896,,,8.004079,8.005724,0.0,-1.9811395,1000.0,1.028502689974661,-530.1810343710179,1.0,4.7334e-05,0.000142002,0.000142002,13.908091,82.788284,,,158000,47.6
0.07221526,,,8.00156,8.00136,0.0,-1.9721609,1000.0,1.0319927033533034,-529.5063114946812,1.0,4.700066666666667e-05,0.000141002,0.000141002,13.972776,82.7188,,,159000,48.5
0.07182647,,,7.74343,7.7662215,0.0,-1.9724452,1000.0,0.595565034007483,-530.6420683871853,1.0,4.666733333333334e-05,0.000140002,0.000140002,13.742731,82.60452,,,160000,43.7
0.07143168,,,7.235453,7.252223,0.0,-1.9693248,1000.0,0.5951184981886034,-534.5862479667478,1.0,4.6334e-05,0.00013900199999999997,0.00013900199999999997,13.527333,82.453735,,,161000,43.5
0.07102801,,,7.69201,7.7032366,0.0,-1.9727579,1000.0,0.4751915272784693,-534.2654352683752,1.0,4.600066666666667e-05,0.000138002,0.000138002,13.423269,82.29832,,,162000,40.2
0.070640154,,,8.715988,8.72122,0.0,-1.9815855,1000.0,0.47705242883307175,-534.6613518058848,1.0,4.566733333333334e-05,0.000137002,0.000137002,13.730486,82.22035,,,163000,40.9
0.07029153,,,7.2150164,7.237033,0.0008538538154743149,-1.9784702,1000.0,0.4102096523070472,-537.9451764352748,1.0,4.5333999999999997e-05,0.00013600199999999998,0.00013600199999999998,13.524172,82.12217,,,164000,35.2
0.070003055,,,6.8694563,6.8385496,0.0008538538154743149,-1.9735906,1000.0,0.31814642342295574,-536.2768703164378,1.0,4.500066666666667e-05,0.00013500199999999998,0.00013500199999999998,13.661827,81.981125,,,165000,38.1
0.06978232,,,6.12015,6.112185,0.0008538538154743149,-1.9756553,1000.0,0.47176471038090434,-538.5876535928145,1.0,4.466733333333334e-05,0.000134002,0.000134002,13.805356,81.84863,,,166000,40.1
0.06959984,,,5.859263,5.818922,0.0008538538154743149,-1.9849079,1000.0,0.47654486963866444,-537.4539729068872,1.0,4.4334e-05,0.00013300199999999998,0.00013300199999999998,13.834811,81.706436,,,167000,38.1
0.069470495,,,6.7663016,6.734384,0.0008538538154743149,-1.9866495,1000.0,0.4718106495241369,-538.4385536818318,1.0,4.400066666666667e-05,0.000132002,0.000132002,13.743772,81.57757,,,168000,37.3
0.06941203,,,6.982032,6.9473085,0.0008538538154743149,-1.9944623,1000.0,0.8847147914059169,-538.722335384205,1.0,4.3667333333333335e-05,0.000131002,0.000131002,13.864822,81.445206,,,169000,46.1
0.06939133,,,7.003782,6.9361563,0.0008538538154743149,-1.9980701,1000.0,0.885317891828427,-537.8219002215967,1.0,4.3333999999999995e-05,0.00013000199999999997,0.00013000199999999997,14.137387,81.27968,,,170000,45.8
0.06937173,,,7.692314,7.6373405,0.0008538538154743149,-2.001731,1000.0,0.8899712156585752,-534.6401831073842,1.0,4.300066666666667e-05,0.000129002,0.000129002,14.404459,81.10754,,,171000,49.3
0.06934475,,,7.9309263,7.9015265,0.0008538538154743149,-1.9944451,1000.0,1.2029680740108535,-535.8750125686089,1.0,4.266733333333334e-05,0.000128002,0.000128002,14.429346,80.97563,,,172000,51.6
0.06932383,,,6.667039,6.648042,0.0008538538154743149,-1.9884338,1000.0,1.2008069396181005,-533.4629359070271,1.0,4.2334000000000005e-05,0.000127002,0.000127002,14.186116,80.78072,,,173000,50.2
0.069318905,,,6.893157,6.878755,0.0,-1.9911906,1000.0,1.5098489172359726,-529.6381877517083,1.0,4.2000666666666666e-05,0.00012600199999999998,0.00012600199999999998,14.42453,80.59392,,,174000,58.4
0.06934752,,,6.752894,6.745716,0.0009389319002389388,-1.9958773,1000.0,1.8594230035632158,-530.1644002638168,1.0,4.1667333333333333e-05,0.00012500199999999998,0.00012500199999999998,14.37369,80.44449,,,175000,56.4
0.06939096,,,7.41165,7.41474,0.0009389319002389388,-1.9953076,1000.0,2.0913451989016694,-530.2314391326256,1.0,4.133400000000001e-05,0.000124002,0.000124002,14.364931,80.320694,,,176000,59.5
0.06942381,,,8.033821,8.013511,0.0009389319002389388,-1.9858885,1000.0,2.2423626465314555,-530.8462153023339,1.0,4.100066666666666e-05,0.00012300199999999999,0.00012300199999999999,14.279181,80.15258,,,177000,64.1
0.069389485,,,7.3107543,7.286045,0.00370096862224192,-1.9864372,1000.0,2.7122819106380973,-529.1066008903098,1.0,4.0667333333333336e-05,0.00012200199999999999,0.00012200199999999999,14.241676,80.020355,,,178000,69.9
0.06926001,,,6.6013045,6.6106925,0.007847698031427656,-1.9786282,1000.0,2.3347657259401897,-528.0491797754925,1.0,4.0334000000000004e-05,0.000121002,0.000121002,14.160593,79.88512,,,179000,61.2
0.06912134,,,6.711212,6.724916,0.007847698031427656,-1.9695097,1000.0,2.473591365576302,-525.4392586832963,1.0,4.0000666666666665e-05,0.00012000199999999998,0.00012000199999999998,13.964063,79.729416,,,180000,65.3
0.06896089,,,6.0045776,6.0280313,0.007847698031427656,-1.9685377,1000.0,2.777728499663753,-521.318508085866,1.0,3.966733333333333e-05,0.00011900199999999998,0.00011900199999999998,13.69149,79.590256,,,181000,68.9
0.06878695,,,5.5053983,5.5223107,0.007847698031427658,-1.9748462,1000.0,2.4817696151546045,-518.4816611649525,1.0,3.9334000000000007e-05,0.000118002,0.000118002,13.809118,79.499054,,,182000,68.9
0.068611845,,,5.9733605,5.993865,0.007847698031427656,-1.9792845,1000.0,2.8450257957974436,-517.0244078692933,1.0,3.900066666666666e-05,0.00011700199999999998,0.00011700199999999998,13.780454,79.40197,,,183000,81.3
0.06843196,,,6.184842,6.2132125,0.007961525002717079,-1.9794419,1000.0,2.603321498864383,-515.394096778052,1.0,3.8667333333333335e-05,0.00011600199999999998,0.00011600199999999998,13.775928,79.290115,,,184000,78.3
0.06825854,,,7.0387406,7.0938177,0.00702259310247814,-1.9842933,1000.0,2.343979020797213,-512.6198162354502,1.0,3.8334e-05,0.000115002,0.000115002,13.669516,79.15473,,,185000,80.0
0.068079576,,,6.785927,6.8084655,0.007022593102478142,-1.9860299,1000.0,1.7787851253935227,-506.9329261164691,1.0,3.800066666666667e-05,0.00011400200000000001,0.00011400200000000001,13.576151,78.998,,,186000,74.7
0.06788944,,,6.788565,6.834697,0.014397495503117464,-1.9860103,1000.0,2.032402442883501,-503.5771711992239,1.0,3.766733333333333e-05,0.00011300199999999999,0.00011300199999999999,13.71826,78.88908,,,187000,92.4
0.06770973,,,7.218315,7.276225,0.011635458781114482,-1.9878746,1000.0,2.1534609860109226,-503.46883030628817,1.0,3.7334000000000005e-05,0.00011200199999999999,0.00011200199999999999,13.760913,78.730804,,,188000,95.0
0.06753068,,,7.604112,7.6470475,0.007488729371928744,-1.9859558,1000.0,2.185456375537962,-499.0262459381711,1.0,3.700066666666667e-05,0.000111002,0.000111002,13.833928,78.504196,,,189000,102.1
0.06730084,,,7.4857726,7.560744,0.007488729371928744,-1.9863665,1000.0,2.1431315025791093,-497.80138809327775,1.0,3.6667333333333334e-05,0.00011000199999999998,0.00011000199999999998,13.8794155,78.385605,,,190000,104.8
0.06701926,,,7.4789095,7.5484133,0.007488729371928744,-1.974041,1000.0,3.0470926536423137,-500.26606712137493,1.0,3.6334e-05,0.00010900199999999998,0.00010900199999999998,13.722481,78.21559,,,191000,112.7
0.066725984,,,7.2369623,7.3108573,0.007488729371928744,-1.9665387,1000.0,3.0551739617305618,-499.1575967347997,1.0,3.600066666666667e-05,0.000108002,0.000108002,13.659681,78.024414,,,192000,116.9
0.0664128,,,7.1982813,7.281666,0.00754695214042918,-1.9668531,1000.0,3.0260473146561386,-499.93529036672254,1.0,3.566733333333333e-05,0.00010700199999999998,0.00010700199999999998,13.768845,77.83907,,,193000,115.3
0.06607969,,,6.9164047,6.997841,0.0074331251691397565,-1.958238,1000.0,3.4690783599933988,-499.88806165296967,1.0,3.5334e-05,0.00010600199999999999,0.00010600199999999999,13.73443,77.67619,,,194000,120.5
0.06572791,,,5.8766623,5.958653,0.0074331251691397565,-1.9566991,1000.0,3.362110318710974,-499.3648866221114,1.0,3.500066666666667e-05,0.000105002,0.000105002,13.997258,77.53438,,,195000,121.3
0.065379,,,5.661591,5.768729,0.0074331251691397565,-1.9504322,1000.0,3.527899990601674,-501.4651862325124,1.0,3.466733333333333e-05,0.00010400199999999997,0.00010400199999999997,14.1128845,77.389534,,,196000,128.6
0.06502019,,,4.9931955,5.108506,5.822276850043495e-05,-1.9464309,1000.0,3.260187761790174,-504.9570656004686,1.0,3.4334e-05,0.00010300199999999999,0.00010300199999999999,14.15643,77.198296,,,197000,112.3
0.06466566,,,4.7591944,4.8696775,5.822276850043495e-05,-1.9482203,1000.0,3.3888419475359255,-503.8861868021635,1.0,3.400066666666667e-05,0.00010200199999999999,0.00010200199999999999,14.284903,77.06764,,,198000,118.0
0.064318076,,,5.2516108,5.3330936,5.822276850043495e-05,-1.9542795,1000.0,3.516503134885447,-505.41845381989845,1.0,3.366733333333334e-05,0.000101002,0.000101002,14.236277,76.964455,,,199000,119.7
0.064013794,,,5.548055,5.6233783,5.822276850043495e-05,-1.960653,1000.0,3.4409584141891303,-504.5902314313345,1.0,3.3333999999999996e-05,0.00010000199999999998,0.00010000199999999998,14.333606,76.79631,,,200000,118.7
0.06376019,,,6.2353077,6.31134,5.822276850043495e-05,-1.9681526,1000.0,2.546236024149548,-501.1065636434938,1.0,3.300066666666667e-05,9.9002e-05,9.9002e-05,14.476506,76.68375,,,201000,116.3
0.063517526,,,7.0562196,7.129552,5.822276850043495e-05,-1.9693238,1000.0,2.6023111372529923,-501.3147886776811,1.0,3.266733333333334e-05,9.8002e-05,9.8002e-05,14.421657,76.54205,,,202000,120.4
0.06325804,,,7.0404587,7.102525,0.0,-1.9613101,1000.0,4.434205069176739,-500.86940262504913,1.0,3.2334e-05,9.700199999999998e-05,9.700199999999998e-05,14.354749,76.38702,,,203000,123.3
0.06295964,,,7.038456,7.0992594,2.249067576343521e-05,-1.9644461,1000.0,4.457914911041969,-499.47835596271653,1.0,3.200066666666667e-05,9.6002e-05,9.6002e-05,14.405298,76.24668,,,204000,127.8
0.06262024,,,7.1309304,7.1834307,2.249067576343521e-05,-1.9626005,1000.0,4.581964641862726,-499.5291495322199,1.0,3.166733333333334e-05,9.5002e-05,9.5002e-05,14.450251,76.07,,,205000,128.2
0.06225108,,,7.91928,7.9745765,4.6928973786988134e-05,-1.9555906,1000.0,4.696063654445186,-496.10231568340595,1.0,3.1333999999999995e-05,9.400199999999997e-05,9.400199999999997e-05,14.473308,75.87742,,,206000,130.9
0.06190633,,,8.517832,8.561396,0.003234126959605916,-1.9694828,1000.0,5.227995228002518,-491.5861568777098,1.0,3.100066666666667e-05,9.300199999999999e-05,9.300199999999999e-05,14.593022,75.75815,,,207000,142.4
0.06161206,,,8.469957,8.507392,0.003234126959605916,-1.9714458,1000.0,5.101379084819074,-489.491334469523,1.0,3.066733333333334e-05,9.2002e-05,9.2002e-05,14.604686,75.59383,,,208000,154.3
0.061356217,,,7.9417944,8.012087,0.003234126959605916,-1.9693158,1000.0,5.569992441744828,-489.3195270777602,1.0,3.0334000000000008e-05,9.100200000000001e-05,9.100200000000001e-05,14.691359,75.44905,,,209000,160.4
0.061065435,,,7.724214,7.7900214,0.003234126959605916,-1.961023,1000.0,6.454281193944847,-489.3105123345343,1.0,3.0000666666666666e-05,9.000199999999998e-05,9.000199999999998e-05,14.552943,75.271805,,,210000,172.0
0.06073887,,,7.4286056,7.490424,0.003234126959605916,-1.9595569,1000.0,6.348469981793847,-487.6109656233317,1.0,2.9667333333333336e-05,8.9002e-05,8.9002e-05,14.702353,75.08226,,,211000,171.5
0.060406096,,,6.7993913,6.84942,0.003234126959605916,-1.9605747,1000.0,6.4196310936935985,-485.6168283121935,1.0,2.9334000000000007e-05,8.8002e-05,8.8002e-05,14.791084,74.924126,,,212000,174.4
0.060094815,,,6.5550942,6.6083155,0.003234126959605916,-1.9694977,1000.0,4.634832681950643,-482.7114723090306,1.0,2.9000666666666665e-05,8.700199999999998e-05,8.700199999999998e-05,14.912264,74.83136,,,213000,173.0
0.059811197,,,6.9401712,6.967903,0.0032116362838424803,-1.9712639,1000.0,4.986797141551816,-484.3863526463855,1.0,2.8667333333333336e-05,8.6002e-05,8.6002e-05,15.724004,74.66202,,,214000,174.8
0.05954219,,,6.812088,6.8454285,0.004499133595880287,-1.9699891,1000.0,6.1148146289459815,-483.4699715308573,1.0,2.8334000000000003e-05,8.5002e-05,8.5002e-05,15.530441,74.518936,,,215000,195.1
0.059284985,,,5.7630906,5.795828,0.004502172605133336,-1.9752147,1000.0,6.109771577629007,-484.19197075416696,1.0,2.8000666666666664e-05,8.400199999999999e-05,8.400199999999999e-05,15.584936,74.3773,,,216000,194.8
0.059037704,,,5.361225,5.387915,0.0038491318822920255,-1.9698004,1000.0,6.862113159754896,-486.01537812712957,1.0,2.7667333333333335e-05,8.300199999999999e-05,8.300199999999999e-05,15.841191,74.24626,,,217000,201.1
0.058761835,,,5.530509,5.561132,0.0038491318822920255,-1.9600618,1000.0,7.119043749675382,-484.3841712855133,1.0,2.7334000000000003e-05,8.2002e-05,8.2002e-05,15.982495,74.0769,,,218000,192.8
0.05844415,,,5.895643,5.8900805,0.0038491318822920255,-1.954426,1000.0,6.7064453482703925,-483.17992855418225,1.0,2.7000666666666664e-05,8.100199999999998e-05,8.100199999999998e-05,16.902107,73.92727,,,219000,194.7
0.058138072,,,5.674322,5.661824,0.0038491318822920255,-1.953564,1000.0,6.18160029420907,-481.39158486834276,1.0,2.6667333333333335e-05,8.000199999999998e-05,8.000199999999998e-05,16.932276,73.81639,,,220000,193.8
0.05787655,,,5.6895857,5.700902,0.0038491318822920255,-1.9604439,1000.0,6.885045293153844,-482.8702647951838,1.0,2.6334000000000002e-05,7.9002e-05,7.9002e-05,16.918089,73.71801,,,221000,195.1
0.05764129,,,5.647027,5.6631703,0.0038491318822920255,-1.9674476,1000.0,8.115259171821828,-486.3307401688524,1.0,2.6000666666666673e-05,7.8002e-05,7.8002e-05,17.033672,73.61625,,,222000,212.6
0.057420064,,,6.2427726,6.272399,0.0038491318822920255,-1.9607704,1000.0,8.517419475489053,-483.720188446359,1.0,2.566733333333333e-05,7.700199999999999e-05,7.700199999999999e-05,17.09101,73.41484,,,223000,236.0
0.057199,,,6.022849,6.0809245,0.003982480337794941,-1.9603739,1000.0,8.609890588079857,-478.9852486490052,1.0,2.5334000000000002e-05,7.6002e-05,7.6002e-05,16.426678,73.2741,,,224000,246.4
0.056967914,,,6.3808117,6.4470034,0.002694983025757135,-1.9621775,1000.0,8.318174476624307,-478.20361814592314,1.0,2.5000666666666673e-05,7.500200000000001e-05,7.500200000000001e-05,16.459736,73.1449,,,225000,233.2
0.056722183,,,6.7675576,6.838375,0.002667505718480533,-1.9644865,1000.0,8.456654825917695,-476.4978306652225,1.0,2.466733333333333e-05,7.400199999999999e-05,7.400199999999999e-05,16.61834,73.01741,,,226000,242.4
0.056453027,,,7.327052,7.3740396,0.008353063826018131,-1.9623296,1000.0,7.615831953878083,-472.432204484719,1.0,2.4334e-05,7.300199999999999e-05,7.300199999999999e-05,16.505995,72.85772,,,227000,239.8
0.056173377,,,6.730259,6.7786016,0.009006664552587902,-1.9616156,1000.0,7.3765179741313345,-470.9843218845954,1.0,2.4000666666666672e-05,7.2002e-05,7.2002e-05,16.456165,72.72295,,,228000,246.3
0.055889554,,,6.5009727,6.5858927,0.009136482808887347,-1.9558245,1000.0,7.327253095186241,-468.95276640842485,1.0,2.366733333333333e-05,7.100199999999998e-05,7.100199999999998e-05,15.657312,72.54698,,,229000,246.1
0.05560089,,,6.470826,6.552798,0.009136482808887347,-1.9574897,1000.0,7.413055797482556,-467.4070285499861,1.0,2.3334e-05,7.000199999999998e-05,7.000199999999998e-05,15.802383,72.37215,,,230000,256.8
0.05528886,,,6.800073,6.866908,0.009254877967878656,-1.9474529,1000.0,7.420494835337308,-464.6816377781145,1.0,2.300066666666667e-05,6.9002e-05,6.9002e-05,15.885968,72.205734,,,231000,271.9
0.054965835,,,6.983683,7.06125,0.009254877967878656,-1.9490083,1000.0,6.4918858917837765,-459.0066447065272,1.0,2.266733333333333e-05,6.800199999999998e-05,6.800199999999998e-05,15.820722,72.01849,,,232000,271.9
0.054652832,,,6.9258285,6.9984946,0.009257139703389101,-1.9496164,1000.0,6.587199527583846,-457.3398758694746,1.0,2.2334e-05,6.700199999999999e-05,6.700199999999999e-05,15.76026,71.82874,,,233000,274.3
0.054367494,,,6.5186553,6.5801516,0.009123791247886186,-1.945472,1000.0,6.102737414143101,-456.44534005616663,1.0,2.200066666666667e-05,6.6002e-05,6.6002e-05,15.75,71.648865,,,234000,271.2
0.05410961,,,6.365739,6.4444633,0.009123791247886186,-1.9455767,1000.0,5.572288932671856,-456.11795720830276,1.0,2.166733333333334e-05,6.500200000000001e-05,6.500200000000001e-05,15.83678,71.44063,,,235000,282.9
0.053875707,,,6.532279,6.6109514,0.009123791247886186,-1.949791,1000.0,5.496864647126247,-454.2860875279292,1.0,2.1334e-05,6.400199999999999e-05,6.400199999999999e-05,15.920511,71.271515,,,236000,281.1
0.053664763,,,5.7376366,5.83771,0.0014188021900380843,-1.9455271,1000.0,5.899048047252267,-454.56653717561977,1.0,2.1000666666666667e-05,6.300199999999999e-05,6.300199999999999e-05,15.853129,71.054054,,,237000,293.4
0.05347202,,,5.741155,5.831656,0.0007652014634683131,-1.9515511,1000.0,5.78519055711424,-451.6149989573622,1.0,2.0667333333333338e-05,6.200200000000001e-05,6.200200000000001e-05,15.937769,70.89981,,,238000,303.0
0.053314187,,,5.371937,5.4769125,0.0019241349849614185,-1.9593042,1000.0,6.662383822301166,-448.18809673669114,1.0,2.0334e-05,6.100199999999998e-05,6.100199999999998e-05,15.835851,70.741165,,,239000,330.5
0.053175278,,,5.5432353,5.652331,0.003163729925887887,-1.9647367,1000.0,7.112463224861737,-446.733462643884,1.0,2.0000666666666666e-05,6.000199999999999e-05,6.000199999999999e-05,16.119152,70.58009,,,240000,337.7
0.053043433,,,5.481505,5.562743,0.0032635288829278935,-1.9635975,1000.0,8.518077040686645,-448.6858067515667,1.0,1.9667333333333337e-05,5.9002e-05,5.9002e-05,16.492996,70.37413,,,241000,353.9
0.052911617,,,5.6352324,5.7236066,0.006254955291320204,-1.9461834,1000.0,8.485936967417603,-448.46901045162895,1.0,1.9333999999999998e-05,5.8001999999999984e-05,5.8001999999999984e-05,16.748808,70.19482,,,242000,351.5
0.052766077,,,5.0585284,5.1366644,0.006252693555809758,-1.9468718,1000.0,8.61225544544487,-449.25831969973933,1.0,1.9000666666666666e-05,5.7001999999999994e-05,5.7001999999999994e-05,16.982927,70.06042,,,243000,355.2
0.05261476,,,5.0444403,5.132876,0.006488906713914296,-1.9563179,1000.0,9.51545845370579,-451.17277838238897,1.0,1.8667333333333337e-05,5.6002000000000004e-05,5.6002000000000004e-05,17.076555,69.91851,,,244000,372.0
0.052459188,,,4.4444547,4.503539,0.006488906713914294,-1.949147,1000.0,10.0851276628854,-449.328283427723,1.0,1.8333999999999994e-05,5.500199999999998e-05,5.500199999999998e-05,17.339725,69.77481,,,245000,370.5
0.052294277,,,4.0629544,4.117895,0.010091301776063492,-1.9506257,1000.0,11.299722846442418,-450.65228087234607,1.0,1.8000666666666665e-05,5.400199999999999e-05,5.400199999999999e-05,17.443213,69.630035,,,246000,378.0
0.0521153,,,4.4053397,4.4637094,0.009576575463396377,-1.9533885,1000.0,12.182270720940608,-450.0957112576648,1.0,1.7667333333333336e-05,5.3002e-05,5.3002e-05,17.55389,69.532036,,,247000,380.1
0.05192564,,,5.076518,5.1175346,0.009576575463396379,-1.9516275,1000.0,12.283245838645183,-452.66781198426645,1.0,1.7334000000000007e-05,5.200200000000001e-05,5.200200000000001e-05,17.824152,69.40321,,,248000,375.1
0.051717848,,,5.196348,5.229059,0.008321308592661933,-1.9473474,1000.0,12.290034704931365,-454.4857920088956,1.0,1.7000666666666665e-05,5.100199999999999e-05,5.100199999999999e-05,18.022858,69.277466,,,249000,368.0
0.051502287,,,5.0062017,5.0485396,0.007081713651735465,-1.9504325,1000.0,13.292943686721637,-456.862539918091,1.0,1.6667333333333336e-05,5.0002e-05,5.0002e-05,18.311981,69.17396,,,250000,381.7
0.051290594,,,4.479872,4.5403223,0.0068635195357041505,-1.9506428,1000.0,13.280712367664972,-457.3265160384155,1.0,1.6334000000000003e-05,4.900200000000001e-05,4.900200000000001e-05,18.12418,69.07389,,,251000,377.8
0.051081866,,,3.911387,3.9577591,0.0038720931273118404,-1.953788,1000.0,13.71556489240939,-456.6226296284214,1.0,1.6000666666666664e-05,4.8001999999999985e-05,4.8001999999999985e-05,18.11986,68.97844,,,252000,385.9
0.050882835,,,4.079919,4.1294675,0.0038720931273118404,-1.9489734,1000.0,13.942900678967115,-457.53831332433003,1.0,1.5667333333333335e-05,4.7001999999999995e-05,4.7001999999999995e-05,18.093746,68.85904,,,253000,381.7
0.050691955,,,5.1515474,5.199378,0.003635879969207302,-1.9482305,1000.0,13.146461640917101,-452.6326780273087,1.0,1.5334000000000003e-05,4.6002000000000004e-05,4.6002000000000004e-05,18.219156,68.73838,,,254000,388.1
0.050519336,,,5.6507745,5.7093925,0.003635879969207302,-1.9490299,1000.0,13.373233728297176,-449.4947142536913,1.0,1.5000666666666663e-05,4.500199999999998e-05,4.500199999999998e-05,18.293003,68.64067,,,255000,404.1
0.050362635,,,5.278485,5.326931,0.00010966123068349137,-1.9461718,1000.0,12.466211299999904,-447.7282175438924,1.0,1.4667333333333333e-05,4.400199999999999e-05,4.400199999999999e-05,18.191696,68.513374,,,256000,408.0
0.050220363,,,4.7429137,4.7957244,0.0005477096210668454,-1.9551405,1000.0,11.781669565390683,-446.0223378847342,1.0,1.4334000000000004e-05,4.3002000000000006e-05,4.3002000000000006e-05,18.313425,68.39014,,,257000,410.7
0.050087713,,,4.543702,4.6193557,0.0012034716172637842,-1.9474669,1000.0,12.09274517020112,-442.88965185533755,1.0,1.4000666666666661e-05,4.200199999999998e-05,4.200199999999998e-05,18.091042,68.23484,,,258000,425.7
0.049962904,,,4.022752,4.0890265,0.001172081765975314,-1.9527204,1000.0,12.037648128789721,-440.3621720031644,1.0,1.3667333333333332e-05,4.100199999999999e-05,4.100199999999999e-05,18.174564,68.141464,,,259000,431.9
0.049849138,,,4.1746492,4.233171,0.02003475445558642,-1.946504,1000.0,11.81068634302973,-435.8817959058907,1.0,1.3334000000000001e-05,4.0002e-05,4.0002e-05,17.711386,68.002754,,,260000,431.0
0.049744498,,,4.3473086,4.417384,0.02003475445558642,-1.9461043,1000.0,10.572783593288126,-431.359636089125,1.0,1.3000666666666672e-05,3.900200000000001e-05,3.900200000000001e-05,17.747799,67.86511,,,261000,435.9
0.049644526,,,4.182374,4.2512374,0.02003475445558642,-1.9461577,1000.0,11.572156445126677,-431.7528378073724,1.0,1.2667333333333332e-05,3.8001999999999986e-05,3.8001999999999986e-05,17.597664,67.722664,,,262000,436.2
0.049544778,,,4.3462405,4.407866,0.02152716040534856,-1.9546734,1000.0,12.129017433699499,-432.3756236118892,1.0,1.2334e-05,3.7001999999999996e-05,3.7001999999999996e-05,17.849352,67.62034,,,263000,440.7
0.049444728,,,3.7668433,3.8409152,0.03609825476647458,-1.9495201,1000.0,13.439689759079638,-434.20280880379096,1.0,1.2000666666666672e-05,3.6002000000000005e-05,3.6002000000000005e-05,17.73375,67.52406,,,264000,440.0
0.049339905,,,3.2633967,3.3368466,0.03609825476647458,-1.9546728,1000.0,14.127214908263005,-435.3053187725047,1.0,1.1667333333333331e-05,3.500199999999999e-05,3.500199999999999e-05,17.737576,67.392334,,,265000,444.8
0.04923293,,,3.441503,3.513977,0.043987011216252314,-1.9547755,1000.0,15.645152896762283,-437.0704430303399,1.0,1.1334e-05,3.4002e-05,3.4002e-05,17.863995,67.265236,,,266000,457.0
0.04912732,,,3.9354439,4.009095,0.04354896282586895,-1.9507805,1000.0,15.643760817611414,-436.6130120095233,1.0,1.100066666666667e-05,3.300200000000001e-05,3.300200000000001e-05,17.77074,67.15028,,,267000,456.2
0.049031053,,,3.8102307,3.9272714,0.04289320082967202,-1.9560238,1000.0,15.955283690917062,-437.07117413370105,1.0,1.0667333333333329e-05,3.200199999999998e-05,3.200199999999998e-05,17.969193,67.03639,,,268000,457.3
0.048946694,,,4.125428,4.234318,0.042891105773902385,-1.9577478,1000.0,15.948880957912584,-436.8779292398597,1.0,1.0334e-05,3.100199999999999e-05,3.100199999999999e-05,18.028816,66.89427,,,269000,457.5
0.048872467,,,3.9515462,4.057326,0.024028433084291274,-1.9633958,1000.0,15.836032058135197,-438.94515725466727,1.0,1.0000666666666669e-05,3.0002000000000005e-05,3.0002000000000005e-05,18.404957,66.78551,,,270000,455.0
0.048805032,,,3.7631946,3.8599343,0.02590519841323378,-1.9731381,1000.0,15.756527472723963,-436.8617902395146,1.0,9.667333333333328e-06,2.900199999999998e-05,2.900199999999998e-05,18.513119,66.69792,,,271000,453.5
0.048745476,,,3.9208226,4.0223894,0.032126692896978316,-1.983844,1000.0,16.094006693672,-437.66646570929333,1.0,9.333999999999999e-06,2.800199999999999e-05,2.800199999999999e-05,18.785286,66.59696,,,272000,455.3
0.048697717,,,4.045719,4.165763,0.03063428694721617,-1.9908636,1000.0,16.394756616403875,-434.67187326018876,1.0,9.000666666666668e-06,2.7002e-05,2.7002e-05,18.782852,66.4872,,,273000,458.3
0.04866158,,,3.524737,3.6309733,0.020414844171909807,-1.9884373,1000.0,15.98551006484576,-434.821535443078,1.0,8.667333333333338e-06,2.6002000000000013e-05,2.6002000000000013e-05,18.824074,66.328705,,,274000,454.9
0.048632324,,,3.6677768,3.7646813,0.020414844171909807,-1.9796486,1000.0,15.706468176173042,-434.6141598331348,1.0,8.333999999999997e-06,2.500199999999999e-05,2.500199999999999e-05,18.960775,66.218956,,,275000,452.5
0.048605286,,,3.807485,3.9161212,0.012449911398506694,-1.976811,1000.0,14.447225035977496,-431.55249766036275,1.0,8.000666666666668e-06,2.4001999999999998e-05,2.4001999999999998e-05,19.056925,66.11331,,,276000,451.4
0.04857772,,,3.6316795,3.7369676,0.01695161558044849,-1.9726404,1000.0,14.607634032011598,-433.2332400342577,1.0,7.667333333333337e-06,2.3002000000000008e-05,2.3002000000000008e-05,19.25479,65.98387,,,277000,454.6
0.04854645,,,3.4026895,3.4710298,0.01695161558044849,-1.9753984,1000.0,14.400408818713117,-432.02451990578885,1.0,7.333999999999996e-06,2.2001999999999987e-05,2.2001999999999987e-05,19.49738,65.9034,,,278000,454.4
0.04850971,,,3.07969,3.1648781,0.02135158408184145,-1.9690678,1000.0,14.678981578949706,-431.8188185699076,1.0,7.000666666666666e-06,2.1001999999999996e-05,2.1001999999999996e-05,19.551617,65.796524,,,279000,454.7
0.04846455,,,3.229688,3.3254151,0.024119389517088623,-1.9550731,1000.0,15.340285667033466,-431.02112533417386,1.0,6.6673333333333365e-06,2.0002000000000006e-05,2.0002000000000006e-05,19.4792,65.68824,,,280000,454.3
0.0484152,,,3.5428786,3.656073,0.022242624188146116,-1.955823,1000.0,16.28928046223871,-433.2284557476566,1.0,6.333999999999996e-06,1.9001999999999985e-05,1.9001999999999985e-05,19.643093,65.60301,,,281000,454.7
0.04836557,,,3.755333,3.8741546,0.01748795382020907,-1.9622055,1000.0,15.562881345076983,-431.40699446909514,1.0,6.000666666666666e-06,1.8001999999999995e-05,1.8001999999999995e-05,19.919748,65.55111,,,282000,459.1
0.04831377,,,3.28822,3.400898,0.01748795382020907,-1.9584925,1000.0,15.028879882943016,-431.5767675352786,1.0,5.667333333333336e-06,1.7002000000000004e-05,1.7002000000000004e-05,20.122807,65.45964,,,283000,458.1
0.048260745,,,3.6155903,3.7361107,0.013136302234389413,-1.9662812,1000.0,14.711258233501278,-429.1184400599633,1.0,5.334000000000006e-06,1.6002000000000014e-05,1.6002000000000014e-05,20.406153,65.40752,,,284000,462.1
0.048209358,,,3.4656358,3.579424,0.013150375027586116,-1.9728224,1000.0,15.096340119647532,-427.4490677685764,1.0,5.000666666666664e-06,1.5001999999999991e-05,1.5001999999999991e-05,20.21583,65.33586,,,285000,464.3
0.048163526,,,3.1458528,3.2577443,0.01603577463593831,-1.9763616,1000.0,15.864304921289227,-429.76332768608347,1.0,4.6673333333333344e-06,1.4002000000000002e-05,1.4002000000000002e-05,20.236134,65.26253,,,286000,461.3
0.048124027,,,2.9740653,3.079897,0.011534070453996511,-1.9742817,1000.0,14.971529844501841,-426.0405544279539,1.0,4.334000000000005e-06,1.3002000000000012e-05,1.3002000000000012e-05,20.122147,65.18718,,,287000,463.1
0.048089664,,,2.795375,2.8934898,0.011534070453996511,-1.9700819,1000.0,15.92519787662636,-427.6480951002657,1.0,4.000666666666664e-06,1.200199999999999e-05,1.200199999999999e-05,19.902767,65.09873,,,288000,467.9
0.048060518,,,2.949709,3.0383446,0.007134101952603553,-1.9742177,1000.0,15.523757485324662,-428.0501183533829,1.0,3.667333333333334e-06,1.1001999999999999e-05,1.1001999999999999e-05,20.093258,65.03578,,,289000,467.5
0.048035685,,,2.7824728,2.8597863,0.005459914990485865,-1.9851716,1000.0,14.494633283101095,-426.9394386034695,1.0,3.334000000000004e-06,1.000200000000001e-05,1.000200000000001e-05,19.991924,64.9409,,,290000,469.6
0.04801584,,,2.450746,2.5128808,0.012293352188442106,-1.9852126,1000.0,14.846903536909101,-428.2260558203713,1.0,3.0006666666666627e-06,9.001999999999988e-06,9.001999999999988e-06,19.818983,64.82512,,,291000,470.0
0.047999673,,,2.3921113,2.4710436,0.013523242274759267,-1.9850547,1000.0,15.732069329123323,-430.2926969972158,1.0,2.667333333333333e-06,8.001999999999997e-06,8.001999999999997e-06,19.590555,64.712,,,292000,468.7
0.047986105,,,2.6790824,2.7525089,0.013857475698552502,-1.9832809,1000.0,16.380144895884566,-431.82687868763423,1.0,2.334000000000003e-06,7.002000000000008e-06,7.002000000000008e-06,19.51684,64.57874,,,293000,465.0
0.047975242,,,2.3489022,2.4343693,0.013857475698552498,-1.9811798,1000.0,16.77394551513047,-433.3830649747576,1.0,2.0006666666666617e-06,6.001999999999984e-06,6.001999999999984e-06,19.366955,64.469986,,,294000,459.6
0.047966763,,,2.647712,2.7360103,0.015189148554819423,-1.9742361,1000.0,17.18504251472585,-435.86378042021227,1.0,1.6673333333333318e-06,5.001999999999995e-06,5.001999999999995e-06,19.454882,64.380295,,,295000,457.8
0.04795913,,,2.6522498,2.7355676,0.01230374894646723,-1.9671676,1000.0,17.887846135079943,-436.4594484590601,1.0,1.334000000000002e-06,4.002000000000005e-06,4.002000000000005e-06,19.519157,64.29512,,,296000,457.1
0.04795224,,,2.6520998,2.760783,0.01256845170629951,-1.966958,1000.0,20.53184295696056,-441.598060063446,1.0,1.000666666666672e-06,3.0020000000000155e-06,3.0020000000000155e-06,19.708628,64.22611,,,297000,457.1
0.04794709,,,2.9688537,3.0789957,0.01256845170629951,-1.9760926,1000.0,20.621302284387053,-440.4390368935443,1.0,6.673333333333309e-07,2.0019999999999924e-06,2.0019999999999924e-06,19.705917,64.148735,,,298000,451.2
0.047942284,,,2.9726417,3.0719044,0.016341361112753857,-1.9770992,1000.0,21.35025514767566,-439.7308705139678,1.0,3.3400000000000095e-07,1.0020000000000029e-06,1.0020000000000029e-06,19.564074,64.06971,,,299000,453.9
0.04793854,,,2.9563527,3.0629218,0.015247742639624372,-1.9771187,1000.0,21.9065750900917,-439.54901356364263,1.0,6.666666666710342e-10,2.0000000000131023e-09,2.0000000000131023e-09,19.75383,64.00659,,,300000,450.3
